env_step,mean_ep_return,mean_ep_score,mean_ep_length,mean_merges,mean_loss,epsilon,lr
500,2314.00,2314.00,206.0,,,0.9952,3.00e-04
1000,2460.25,2460.25,218.5,,10.760309,0.9905,2.28e-04
1500,2383.17,2383.17,215.5,,10.760306,0.9858,8.25e-05
2000,2182.33,2182.33,205.1,,10.478610,0.9810,1.00e-05
