{
  "mean_episode_return": 2858.44,
  "std_episode_return": 734.6244798534827,
  "mean_final_score": 2858.44,
  "std_final_score": 734.6244798534827,
  "mean_episode_length": 232.34,
  "std_episode_length": 43.59569244776369,
  "mean_final_num_fruits": 46.18,
  "std_final_num_fruits": 4.930273826066864,
  "mean_last_physics_frames": 122.6,
  "std_last_physics_frames": 87.7266208171727
}