{
  "mean_episode_return": 2274.84,
  "std_episode_return": 505.9936900792341,
  "mean_final_score": 2274.84,
  "std_final_score": 505.9936900792341,
  "mean_episode_length": 207.28,
  "std_episode_length": 28.06851617025738,
  "mean_final_num_fruits": 58.62,
  "std_final_num_fruits": 6.8524156324613,
  "mean_last_physics_frames": 117.72,
  "std_last_physics_frames": 87.75238800169485
}